{"cameraMode":{"drawMode":0,"name":"Shaded","section":"Shading Mode"},"sceneLighting":true,"audioPlay":false,"sceneViewState":{"showFog":true,"showMaterialUpdate":false,"showSkybox":true,"showFlares":true,"showImageEffects":true,"showParticleSystems":true},"in2DMode":false,"pivot":{"x":-5.740635871887207,"y":7.689886093139648,"z":-3.7436227798461916},"rotation":{"x":0.5102972388267517,"y":0.007659224793314934,"z":-0.0047174789942801,"w":0.8600634336471558},"size":20.72402572631836,"orthographic":false}