{"cameraMode":{"drawMode":0,"name":"Shaded","section":"Shading Mode"},"sceneLighting":true,"audioPlay":false,"sceneViewState":{"showFog":true,"showMaterialUpdate":false,"showSkybox":true,"showFlares":true,"showImageEffects":true,"showParticleSystems":true},"in2DMode":false,"pivot":{"x":2.467367172241211,"y":3.4584438800811769,"z":-0.1810131072998047},"rotation":{"x":0.4734010696411133,"y":0.3730280101299286,"z":-0.23154255747795106,"w":0.7637537121772766},"size":27.189434051513673,"orthographic":false}