{"cameraMode":{"drawMode":0,"name":"Shaded","section":"Shading Mode"},"sceneLighting":false,"audioPlay":false,"sceneViewState":{"showFog":true,"showMaterialUpdate":false,"showSkybox":true,"showFlares":true,"showImageEffects":true,"showParticleSystems":true},"in2DMode":false,"pivot":{"x":313.61419677734377,"y":154.63388061523438,"z":-13.03125},"rotation":{"x":0.02098596654832363,"y":0.03448554128408432,"z":-0.0007243099971674383,"w":0.9991845488548279},"size":216.5245361328125,"orthographic":true}