{"cameraMode":{"drawMode":0,"name":"Shaded","section":"Shading Mode"},"sceneLighting":false,"audioPlay":false,"sceneViewState":{"showFog":true,"showMaterialUpdate":false,"showSkybox":true,"showFlares":true,"showImageEffects":true,"showParticleSystems":true},"in2DMode":false,"pivot":{"x":-9.615962982177735,"y":4.025217056274414,"z":-11.430464744567871},"rotation":{"x":-0.21561631560325623,"y":-0.5894094705581665,"z":0.16713519394397736,"w":-0.7603833675384522},"size":15.297279357910157,"orthographic":false}