{"cameraMode":{"drawMode":0,"name":"Shaded","section":"Shading Mode"},"sceneLighting":false,"audioPlay":false,"sceneViewState":{"showFog":true,"showMaterialUpdate":false,"showSkybox":true,"showFlares":true,"showImageEffects":true,"showParticleSystems":true},"in2DMode":false,"pivot":{"x":1.3658599853515626,"y":-2.040353775024414,"z":-2.6036784648895265},"rotation":{"x":-0.25825631618499758,"y":-0.6445372700691223,"z":0.2461525946855545,"w":-0.676237165927887},"size":23.399293899536134,"orthographic":false}