{"cameraMode":{"drawMode":0,"name":"Shaded","section":"Shading Mode"},"sceneLighting":false,"audioPlay":false,"sceneViewState":{"showFog":true,"showMaterialUpdate":false,"showSkybox":true,"showFlares":true,"showImageEffects":true,"showParticleSystems":true},"in2DMode":false,"pivot":{"x":30.8700008392334,"y":3.1500000953674318,"z":-18.059999465942384},"rotation":{"x":0.03446892648935318,"y":0.037468791007995608,"z":-0.0012932647950947285,"w":0.9987029433250427},"size":1.2247449159622193,"orthographic":true}