{"cameraMode":{"drawMode":0,"name":"Shaded","section":"Shading Mode"},"sceneLighting":false,"audioPlay":false,"sceneViewState":{"showFog":true,"showMaterialUpdate":false,"showSkybox":true,"showFlares":true,"showImageEffects":true,"showParticleSystems":true},"in2DMode":false,"pivot":{"x":-1.5188243389129639,"y":-4.49380350112915,"z":-6.993240833282471},"rotation":{"x":-0.34796494245529177,"y":0.5184168219566345,"z":-0.24299123883247376,"w":-0.7423778176307678},"size":44.318092346191409,"orthographic":false}