{"cameraMode":{"drawMode":0,"name":"Shaded","section":"Shading Mode"},"sceneLighting":false,"audioPlay":false,"sceneViewState":{"showFog":true,"showMaterialUpdate":false,"showSkybox":true,"showFlares":true,"showImageEffects":true,"showParticleSystems":true},"in2DMode":false,"pivot":{"x":10.433189392089844,"y":15.112213134765625,"z":-32.32843017578125},"rotation":{"x":-0.26733875274658205,"y":-0.5734407901763916,"z":0.2053096443414688,"w":-0.746699333190918},"size":0.4816683530807495,"orthographic":false}